UNASSIGNED,gs://my-first-bucket-yay123456/test_imgs/img23-28-31-548402.jpg,,,,,,,,,
UNASSIGNED,gs://my-first-bucket-yay123456/test_imgs/img23-27-08-743373.jpg,,,,,,,,,
UNASSIGNED,gs://my-first-bucket-yay123456/test_imgs/img23-28-37-571061.jpg,,,,,,,,,
UNASSIGNED,gs://my-first-bucket-yay123456/test_imgs/img23-27-46-362879.jpg,,,,,,,,,
UNASSIGNED,gs://my-first-bucket-yay123456/test_imgs/img23-28-33-055994.jpg,,,,,,,,,
UNASSIGNED,gs://my-first-bucket-yay123456/test_imgs/img23-28-40-585003.jpg,,,,,,,,,
UNASSIGNED,gs://my-first-bucket-yay123456/test_imgs/img23-27-49-372200.jpg,,,,,,,,,
UNASSIGNED,gs://my-first-bucket-yay123456/test_imgs/img23-27-59-932477.jpg,,,,,,,,,
UNASSIGNED,gs://my-first-bucket-yay123456/test_imgs/img23-27-16-264748.jpg,,,,,,,,,
UNASSIGNED,gs://my-first-bucket-yay123456/test_imgs/img23-27-23-784987.jpg,,,,,,,,,
UNASSIGNED,gs://my-first-bucket-yay123456/test_imgs/img23-27-43-355351.jpg,,,,,,,,,
UNASSIGNED,gs://my-first-bucket-yay123456/test_imgs/img23-28-48-117031.jpg,,,,,,,,,
UNASSIGNED,gs://my-first-bucket-yay123456/test_imgs/img23-27-38-850760.jpg,,,,,,,,,
UNASSIGNED,gs://my-first-bucket-yay123456/test_imgs/img23-27-50-875816.jpg,,,,,,,,,
UNASSIGNED,gs://my-first-bucket-yay123456/test_imgs/img23-29-07-728499.jpg,,,,,,,,,
UNASSIGNED,gs://my-first-bucket-yay123456/test_imgs/img23-28-05-961573.jpg,,,,,,,,,
UNASSIGNED,gs://my-first-bucket-yay123456/test_imgs/img23-28-42-090515.jpg,,,,,,,,,
UNASSIGNED,gs://my-first-bucket-yay123456/test_imgs/img23-27-11-753174.jpg,,,,,,,,,
UNASSIGNED,gs://my-first-bucket-yay123456/test_imgs/img23-28-19-525912.jpg,,,,,,,,,
UNASSIGNED,gs://my-first-bucket-yay123456/test_imgs/img23-26-55-204844.jpg,,,,,,,,,
UNASSIGNED,gs://my-first-bucket-yay123456/test_imgs/img23-26-59-718548.jpg,,,,,,,,,
UNASSIGNED,gs://my-first-bucket-yay123456/test_imgs/img23-29-12-251363.jpg,,,,,,,,,
UNASSIGNED,gs://my-first-bucket-yay123456/test_imgs/img23-27-56-910199.jpg,,,,,,,,,
UNASSIGNED,gs://my-first-bucket-yay123456/test_imgs/img23-27-31-307146.jpg,,,,,,,,,
UNASSIGNED,gs://my-first-bucket-yay123456/test_imgs/img23-28-49-621880.jpg,,,,,,,,,
UNASSIGNED,gs://my-first-bucket-yay123456/test_imgs/img23-28-28-538220.jpg,,,,,,,,,
UNASSIGNED,gs://my-first-bucket-yay123456/test_imgs/img23-29-16-774814.jpg,,,,,,,,,
UNASSIGNED,gs://my-first-bucket-yay123456/test_imgs/img23-27-53-886658.jpg,,,,,,,,,
UNASSIGNED,gs://my-first-bucket-yay123456/test_imgs/img23-28-22-538866.jpg,,,,,,,,,
UNASSIGNED,gs://my-first-bucket-yay123456/test_imgs/img23-27-41-851326.jpg,,,,,,,,,
UNASSIGNED,gs://my-first-bucket-yay123456/test_imgs/img23-28-45-105134.jpg,,,,,,,,,
UNASSIGNED,gs://my-first-bucket-yay123456/test_imgs/img23-28-54-166644.jpg,,,,,,,,,
UNASSIGNED,gs://my-first-bucket-yay123456/test_imgs/img23-27-47-867674.jpg,,,,,,,,,
UNASSIGNED,gs://my-first-bucket-yay123456/test_imgs/img23-29-19-789682.jpg,,,,,,,,,
UNASSIGNED,gs://my-first-bucket-yay123456/test_imgs/img23-28-46-610397.jpg,,,,,,,,,
UNASSIGNED,gs://my-first-bucket-yay123456/test_imgs/img23-28-08-973698.jpg,,,,,,,,,
UNASSIGNED,gs://my-first-bucket-yay123456/test_imgs/img23-26-58-213722.jpg,,,,,,,,,
UNASSIGNED,gs://my-first-bucket-yay123456/test_imgs/img23-28-39-078184.jpg,,,,,,,,,
UNASSIGNED,gs://my-first-bucket-yay123456/test_imgs/img23-28-58-694634.jpg,,,,,,,,,
UNASSIGNED,gs://my-first-bucket-yay123456/test_imgs/img23-27-13-257695.jpg,,,,,,,,,
UNASSIGNED,gs://my-first-bucket-yay123456/test_imgs/img23-27-04-231135.jpg,,,,,,,,,
UNASSIGNED,gs://my-first-bucket-yay123456/test_imgs/img23-27-17-770117.jpg,,,,,,,,,
UNASSIGNED,gs://my-first-bucket-yay123456/test_imgs/img23-27-28-299988.jpg,,,,,,,,,
UNASSIGNED,gs://my-first-bucket-yay123456/test_imgs/img23-28-04-455735.jpg,,,,,,,,,
UNASSIGNED,gs://my-first-bucket-yay123456/test_imgs/img23-28-13-495450.jpg,,,,,,,,,
UNASSIGNED,gs://my-first-bucket-yay123456/test_imgs/img23-28-30-043807.jpg,,,,,,,,,
UNASSIGNED,gs://my-first-bucket-yay123456/test_imgs/img23-29-22-803478.jpg,,,,,,,,,
UNASSIGNED,gs://my-first-bucket-yay123456/test_imgs/img23-27-52-380846.jpg,,,,,,,,,
UNASSIGNED,gs://my-first-bucket-yay123456/test_imgs/img23-27-55-392174.jpg,,,,,,,,,
UNASSIGNED,gs://my-first-bucket-yay123456/test_imgs/img23-26-56-710169.jpg,,,,,,,,,
UNASSIGNED,gs://my-first-bucket-yay123456/test_imgs/img23-28-15-002047.jpg,,,,,,,,,
UNASSIGNED,gs://my-first-bucket-yay123456/test_imgs/img23-27-40-353971.jpg,,,,,,,,,
UNASSIGNED,gs://my-first-bucket-yay123456/test_imgs/img23-28-27-034297.jpg,,,,,,,,,
UNASSIGNED,gs://my-first-bucket-yay123456/test_imgs/img23-27-26-795014.jpg,,,,,,,,,
UNASSIGNED,gs://my-first-bucket-yay123456/test_imgs/img23-29-04-710991.jpg,,,,,,,,,
UNASSIGNED,gs://my-first-bucket-yay123456/test_imgs/img23-28-24-044185.jpg,,,,,,,,,
UNASSIGNED,gs://my-first-bucket-yay123456/test_imgs/img23-27-20-777714.jpg,,,,,,,,,
UNASSIGNED,gs://my-first-bucket-yay123456/test_imgs/img23-28-57-184598.jpg,,,,,,,,,
UNASSIGNED,gs://my-first-bucket-yay123456/test_imgs/img23-29-21-296129.jpg,,,,,,,,,
UNASSIGNED,gs://my-first-bucket-yay123456/test_imgs/img23-28-25-529929.jpg,,,,,,,,,
UNASSIGNED,gs://my-first-bucket-yay123456/test_imgs/img23-29-06-224454.jpg,,,,,,,,,
UNASSIGNED,gs://my-first-bucket-yay123456/test_imgs/img23-29-15-267121.jpg,,,,,,,,,
UNASSIGNED,gs://my-first-bucket-yay123456/test_imgs/img23-29-01-700772.jpg,,,,,,,,,
UNASSIGNED,gs://my-first-bucket-yay123456/test_imgs/img23-27-22-281616.jpg,,,,,,,,,
UNASSIGNED,gs://my-first-bucket-yay123456/test_imgs/img23-28-34-560079.jpg,,,,,,,,,
UNASSIGNED,gs://my-first-bucket-yay123456/test_imgs/img23-27-29-803152.jpg,,,,,,,,,
UNASSIGNED,gs://my-first-bucket-yay123456/test_imgs/img23-28-10-481581.jpg,,,,,,,,,
UNASSIGNED,gs://my-first-bucket-yay123456/test_imgs/img23-28-51-136870.jpg,,,,,,,,,
UNASSIGNED,gs://my-first-bucket-yay123456/test_imgs/img23-27-05-734431.jpg,,,,,,,,,
UNASSIGNED,gs://my-first-bucket-yay123456/test_imgs/img23-28-43-595957.jpg,,,,,,,,,
UNASSIGNED,gs://my-first-bucket-yay123456/test_imgs/img23-27-32-811393.jpg,,,,,,,,,
UNASSIGNED,gs://my-first-bucket-yay123456/test_imgs/img23-27-07-238416.jpg,,,,,,,,,
UNASSIGNED,gs://my-first-bucket-yay123456/test_imgs/img23-27-14-761482.jpg,,,,,,,,,
UNASSIGNED,gs://my-first-bucket-yay123456/test_imgs/img23-29-09-233312.jpg,,,,,,,,,
UNASSIGNED,gs://my-first-bucket-yay123456/test_imgs/img23-27-10-248304.jpg,,,,,,,,,
UNASSIGNED,gs://my-first-bucket-yay123456/test_imgs/img23-27-37-346741.jpg,,,,,,,,,
UNASSIGNED,gs://my-first-bucket-yay123456/test_imgs/img23-27-44-859264.jpg,,,,,,,,,
UNASSIGNED,gs://my-first-bucket-yay123456/test_imgs/img23-29-10-738896.jpg,,,,,,,,,
UNASSIGNED,gs://my-first-bucket-yay123456/test_imgs/img23-28-02-949123.jpg,,,,,,,,,
UNASSIGNED,gs://my-first-bucket-yay123456/test_imgs/img23-27-19-274132.jpg,,,,,,,,,
UNASSIGNED,gs://my-first-bucket-yay123456/test_imgs/img23-29-24-310065.jpg,,,,,,,,,
UNASSIGNED,gs://my-first-bucket-yay123456/test_imgs/img23-28-21-031346.jpg,,,,,,,,,
UNASSIGNED,gs://my-first-bucket-yay123456/test_imgs/img23-28-36-064979.jpg,,,,,,,,,
UNASSIGNED,gs://my-first-bucket-yay123456/test_imgs/img23-28-18-018479.jpg,,,,,,,,,
UNASSIGNED,gs://my-first-bucket-yay123456/test_imgs/img23-27-34-327575.jpg,,,,,,,,,
UNASSIGNED,gs://my-first-bucket-yay123456/test_imgs/img23-27-35-838760.jpg,,,,,,,,,
UNASSIGNED,gs://my-first-bucket-yay123456/test_imgs/img23-28-11-987373.jpg,,,,,,,,,
UNASSIGNED,gs://my-first-bucket-yay123456/test_imgs/img23-29-18-283364.jpg,,,,,,,,,
UNASSIGNED,gs://my-first-bucket-yay123456/test_imgs/img23-28-52-649088.jpg,,,,,,,,,
UNASSIGNED,gs://my-first-bucket-yay123456/test_imgs/img23-28-16-509833.jpg,,,,,,,,,
UNASSIGNED,gs://my-first-bucket-yay123456/test_imgs/img23-27-02-727338.jpg,,,,,,,,,
UNASSIGNED,gs://my-first-bucket-yay123456/test_imgs/img23-28-55-683080.jpg,,,,,,,,,
UNASSIGNED,gs://my-first-bucket-yay123456/test_imgs/img23-27-25-290657.jpg,,,,,,,,,
UNASSIGNED,gs://my-first-bucket-yay123456/test_imgs/img23-27-58-421633.jpg,,,,,,,,,
UNASSIGNED,gs://my-first-bucket-yay123456/test_imgs/img23-27-01-222118.jpg,,,,,,,,,
UNASSIGNED,gs://my-first-bucket-yay123456/test_imgs/img23-28-07-466166.jpg,,,,,,,,,
UNASSIGNED,gs://my-first-bucket-yay123456/test_imgs/img23-29-00-194218.jpg,,,,,,,,,
UNASSIGNED,gs://my-first-bucket-yay123456/test_imgs/img23-28-01-441712.jpg,,,,,,,,,
UNASSIGNED,gs://my-first-bucket-yay123456/test_imgs/img23-29-03-205993.jpg,,,,,,,,,
UNASSIGNED,gs://my-first-bucket-yay123456/test_imgs/img23-29-25-816130.jpg,,,,,,,,,
UNASSIGNED,gs://my-first-bucket-yay123456/test_imgs/img23-29-13-761068.jpg,,,,,,,,,
